<?xml version="1.0" encoding="UTF-8"?>
<classpath>
	<classpathentry kind="src" path="src"/>
	<classpathentry kind="con" path="org.eclipse.jdt.launching.JRE_CONTAINER"/>
	<classpathentry kind="con" path="org.testng.TESTNG_CONTAINER"/>
	<classpathentry kind="lib" path="jar/selenium-server-standalone-3.4.0.jar"/>
	<classpathentry kind="lib" path="jar/commons-codec-1.10.jar"/>
	<classpathentry kind="lib" path="jar/commons-collections4-4.1.jar"/>
	<classpathentry kind="lib" path="jar/commons-logging-1.2.jar"/>
	<classpathentry kind="lib" path="jar/curvesapi-1.04.jar"/>
	<classpathentry kind="lib" path="jar/junit-4.12.jar"/>
	<classpathentry kind="lib" path="jar/log4j-1.2.17.jar"/>
	<classpathentry kind="lib" path="jar/poi-3.16.jar"/>
	<classpathentry kind="lib" path="jar/poi-examples-3.16.jar"/>
	<classpathentry kind="lib" path="jar/poi-excelant-3.16.jar"/>
	<classpathentry kind="lib" path="jar/poi-ooxml-3.16.jar"/>
	<classpathentry kind="lib" path="jar/poi-ooxml-schemas-3.16.jar"/>
	<classpathentry kind="lib" path="jar/poi-scratchpad-3.16.jar"/>
	<classpathentry kind="lib" path="jar/xmlbeans-2.6.0.jar"/>
	<classpathentry kind="output" path="bin"/>
</classpath>
